<?xml version="1.0" encoding="UTF-8"?>
<metadata xmlns="http://www.demandware.com/xml/impex/metadata/2006-10-31">
    <type-extension type-id="Category">
        <custom-attribute-definitions>
            <attribute-definition attribute-id="AffirmFPEndDate">
                <display-name xml:lang="x-default">Affirm Financing Program End Date</display-name>
                <type>date</type>
                <localizable-flag>false</localizable-flag>
                <mandatory-flag>false</mandatory-flag>
                <externally-managed-flag>false</externally-managed-flag>
            </attribute-definition>
            <attribute-definition attribute-id="AffirmFPMode">
                <display-name xml:lang="x-default">Affirm Financing Program Mode</display-name>
                <type>enum-of-string</type>
                <localizable-flag>false</localizable-flag>
                <mandatory-flag>false</mandatory-flag>
                <externally-managed-flag>false</externally-managed-flag>
                <value-definitions>
                    <value-definition default="true">
                        <display xml:lang="x-default">Inclusive</display>
                        <value>Inclusive</value>
                    </value-definition>
                    <value-definition>
                        <display xml:lang="x-default">Exclusive</display>
                        <value>Exclusive</value>
                    </value-definition>
                </value-definitions>
            </attribute-definition>
            <attribute-definition attribute-id="AffirmFPName">
                <display-name xml:lang="x-default">Affirm Financing Program Name</display-name>
                <type>string</type>
                <localizable-flag>false</localizable-flag>
                <mandatory-flag>false</mandatory-flag>
                <externally-managed-flag>false</externally-managed-flag>
                <min-length>0</min-length>
            </attribute-definition>
            <attribute-definition attribute-id="AffirmFPPriority">
                <display-name xml:lang="x-default">Affirm Financing Program Priority</display-name>
                <type>int</type>
                <localizable-flag>false</localizable-flag>
                <mandatory-flag>false</mandatory-flag>
                <externally-managed-flag>false</externally-managed-flag>
            </attribute-definition>
            <attribute-definition attribute-id="AffirmFPStartDate">
                <display-name xml:lang="x-default">Affirm Financing Program Start Date</display-name>
                <type>date</type>
                <localizable-flag>false</localizable-flag>
                <mandatory-flag>false</mandatory-flag>
                <externally-managed-flag>false</externally-managed-flag>
            </attribute-definition>
        </custom-attribute-definitions>
        <group-definitions>
            <attribute-group group-id="affirm">
                <display-name xml:lang="x-default">Affirm</display-name>
                <attribute attribute-id="AffirmFPName"/>
                <attribute attribute-id="AffirmFPPriority"/>
                <attribute attribute-id="AffirmFPMode"/>
                <attribute attribute-id="AffirmFPStartDate"/>
                <attribute attribute-id="AffirmFPEndDate"/>
            </attribute-group>
        </group-definitions>
    </type-extension>

    <type-extension type-id="Order">
        <custom-attribute-definitions>
            <attribute-definition attribute-id="AffirmExternalId">
                <display-name xml:lang="x-default">Affirm External Id</display-name>
                <description xml:lang="x-default">Affirm Charge ID</description>
                <type>string</type>
                <mandatory-flag>false</mandatory-flag>
                <externally-managed-flag>true</externally-managed-flag>
                <min-length>0</min-length>
            </attribute-definition>
            <attribute-definition attribute-id="AffirmPaymentAction">
                <display-name xml:lang="x-default">Affirm Payment Action</display-name>
                <description xml:lang="x-default">Defines by what action order was placed</description>
                <type>enum-of-string</type>
                <mandatory-flag>false</mandatory-flag>
                <externally-managed-flag>true</externally-managed-flag>
                <value-definitions>
                    <value-definition>
                        <display xml:lang="x-default">AUTHORIZATION</display>
                        <value>AUTH</value>
                    </value-definition>
                    <value-definition>
                        <display xml:lang="x-default">AUTHORIZATION + CAPTURE</display>
                        <value>CAPTURE</value>
                    </value-definition>
                </value-definitions>
            </attribute-definition>
            <attribute-definition attribute-id="AffirmStatus">
                <display-name xml:lang="x-default">Affirm Status</display-name>
                <description xml:lang="x-default">Affirm status of a order</description>
                <type>enum-of-string</type>
                <mandatory-flag>false</mandatory-flag>
                <externally-managed-flag>true</externally-managed-flag>
                <value-definitions>
                    <value-definition>
                        <display xml:lang="x-default">AUTHORIZED</display>
                        <value>AUTH</value>
                    </value-definition>
                    <value-definition>
                        <display xml:lang="x-default">CAPTURED</display>
                        <value>CAPTURE</value>
                    </value-definition>
                    <value-definition>
                        <display xml:lang="x-default">VOIDED</display>
                        <value>VOIDED</value>
                    </value-definition>
                    <value-definition>
                        <display xml:lang="x-default">REFUNDED</display>
                        <value>REFUNDED</value>
                    </value-definition>
                </value-definitions>
            </attribute-definition>
            <attribute-definition attribute-id="AffirmToken">
                <display-name xml:lang="x-default">Affirm Token</display-name>
                <description xml:lang="x-default">Affirm Checkout token</description>
                <type>string</type>
                <mandatory-flag>false</mandatory-flag>
                <externally-managed-flag>true</externally-managed-flag>
                <min-length>0</min-length>
            </attribute-definition>
        </custom-attribute-definitions>
        <group-definitions>
            <attribute-group group-id="Affirm">
                <display-name xml:lang="x-default">Affirm</display-name>
                <attribute attribute-id="AffirmExternalId"/>
                <attribute attribute-id="AffirmPaymentAction"/>
                <attribute attribute-id="AffirmToken"/>
                <attribute attribute-id="AffirmStatus"/>
            </attribute-group>
        </group-definitions>
    </type-extension>

    <type-extension type-id="Product">
        <custom-attribute-definitions>
            <attribute-definition attribute-id="AffirmFPEndDate">
                <display-name xml:lang="x-default">Affirm Financing Program End Date</display-name>
                <type>date</type>
                <localizable-flag>false</localizable-flag>
                <site-specific-flag>false</site-specific-flag>
                <mandatory-flag>false</mandatory-flag>
                <visible-flag>false</visible-flag>
                <externally-managed-flag>false</externally-managed-flag>
                <order-required-flag>false</order-required-flag>
                <externally-defined-flag>false</externally-defined-flag>
            </attribute-definition>
            <attribute-definition attribute-id="AffirmFPMode">
                <display-name xml:lang="x-default">Affirm Financing Program Mode</display-name>
                <type>enum-of-string</type>
                <localizable-flag>false</localizable-flag>
                <site-specific-flag>false</site-specific-flag>
                <mandatory-flag>false</mandatory-flag>
                <visible-flag>false</visible-flag>
                <externally-managed-flag>false</externally-managed-flag>
                <order-required-flag>false</order-required-flag>
                <externally-defined-flag>false</externally-defined-flag>
                <value-definitions>
                    <value-definition>
                        <display xml:lang="x-default">Inclusive</display>
                        <value>Inclusive</value>
                    </value-definition>
                    <value-definition>
                        <display xml:lang="x-default">Exclusive</display>
                        <value>Exclusive</value>
                    </value-definition>
                </value-definitions>
            </attribute-definition>
            <attribute-definition attribute-id="AffirmFPName">
                <display-name xml:lang="x-default">Affirm Financing Program Name</display-name>
                <type>string</type>
                <localizable-flag>false</localizable-flag>
                <site-specific-flag>false</site-specific-flag>
                <mandatory-flag>false</mandatory-flag>
                <visible-flag>false</visible-flag>
                <externally-managed-flag>false</externally-managed-flag>
                <order-required-flag>false</order-required-flag>
                <externally-defined-flag>false</externally-defined-flag>
                <min-length>0</min-length>
            </attribute-definition>
            <attribute-definition attribute-id="AffirmFPPriority">
                <display-name xml:lang="x-default">Affirm Financing Program Priority</display-name>
                <type>int</type>
                <localizable-flag>false</localizable-flag>
                <site-specific-flag>false</site-specific-flag>
                <mandatory-flag>false</mandatory-flag>
                <visible-flag>false</visible-flag>
                <externally-managed-flag>false</externally-managed-flag>
                <order-required-flag>false</order-required-flag>
                <externally-defined-flag>false</externally-defined-flag>
            </attribute-definition>
            <attribute-definition attribute-id="AffirmFPStartDate">
                <display-name xml:lang="x-default">Affirm Financing Program Start Date</display-name>
                <type>date</type>
                <localizable-flag>false</localizable-flag>
                <site-specific-flag>false</site-specific-flag>
                <mandatory-flag>false</mandatory-flag>
                <visible-flag>false</visible-flag>
                <externally-managed-flag>false</externally-managed-flag>
                <order-required-flag>false</order-required-flag>
                <externally-defined-flag>false</externally-defined-flag>
            </attribute-definition>
        </custom-attribute-definitions>
        <group-definitions>
            <attribute-group group-id="affirm">
                <display-name xml:lang="x-default">Affirm</display-name>
                <attribute attribute-id="AffirmFPName"/>
                <attribute attribute-id="AffirmFPPriority"/>
                <attribute attribute-id="AffirmFPMode"/>
                <attribute attribute-id="AffirmFPStartDate"/>
                <attribute attribute-id="AffirmFPEndDate"/>
            </attribute-group>
        </group-definitions>
    </type-extension>

    <type-extension type-id="SitePreferences">
        <custom-attribute-definitions>
            <attribute-definition attribute-id="AffirmAnalytics">
                <display-name xml:lang="x-default">Enable Affirm Analytics</display-name>
                <description xml:lang="x-default">Enables Affirm analytics tracking script on the order confirmation page</description>
                <type>boolean</type>
                <mandatory-flag>false</mandatory-flag>
                <externally-managed-flag>false</externally-managed-flag>
                <default-value>false</default-value>
            </attribute-definition>
			<attribute-definition attribute-id="AffirmCartPromoMessage">
                <display-name xml:lang="x-default">Cart Promo Message</display-name>
                <type>boolean</type>
                <mandatory-flag>false</mandatory-flag>
                <externally-managed-flag>false</externally-managed-flag>
                <default-value>false</default-value>
            </attribute-definition>
            <attribute-definition attribute-id="AffirmPaymentOnlineStatus">
                <display-name xml:lang="x-default">Disable Affirm Payment Method</display-name>
                <type>boolean</type>
                <mandatory-flag>false</mandatory-flag>
                <externally-managed-flag>false</externally-managed-flag>
                <default-value>false</default-value>
            </attribute-definition>
            <attribute-definition attribute-id="AffirmDefaultFP">
                <display-name xml:lang="x-default">Default financing program</display-name>
                <type>string</type>
                <mandatory-flag>false</mandatory-flag>
                <externally-managed-flag>false</externally-managed-flag>
                <min-length>0</min-length>
            </attribute-definition>
            <attribute-definition attribute-id="AffirmFPCustomerGroup">
                <display-name xml:lang="x-default">Financing programs customer group</display-name>
                <description xml:lang="x-default">Allows to detect financing programs based on customer group.&#13;
Please use the next format: {customerGroup}|{financingProgram},&#13;
Example: Unregistered|unregFinProgram</description>
                <type>set-of-string</type>
                <mandatory-flag>false</mandatory-flag>
                <externally-managed-flag>false</externally-managed-flag>
            </attribute-definition>
            <attribute-definition attribute-id="AffirmFPDateRange">
                <display-name xml:lang="x-default">Financing programs date range</display-name>
                <description xml:lang="x-default">Allows to detect financing programs based on date range.&#13;
Please use the next format: {startDate}|{endDate}|{financingProgram},&#13;
where startDate and endDate format is "yyyy-MM-dd".&#13;
Example: 2016-12-10|2017-01-15|newYearProgram</description>
                <type>set-of-string</type>
                <mandatory-flag>false</mandatory-flag>
                <externally-managed-flag>false</externally-managed-flag>
            </attribute-definition>
            <attribute-definition attribute-id="AffirmFPMapping">
                <display-name xml:lang="x-default">Affirm Financing programs mapping</display-name>
                <description xml:lang="x-default">Allows to map financing programs to promo-id&#13;
Please use the next format: {financing program name}|{promo-id}</description>
                <type>set-of-string</type>
                <mandatory-flag>false</mandatory-flag>
                <externally-managed-flag>false</externally-managed-flag>
            </attribute-definition>
            <attribute-definition attribute-id="AffirmFPTotalRange">
                <display-name xml:lang="x-default">Financing programs cart total range</display-name>
                <description xml:lang="x-default">Allows to detect financing programs based on cart total range.&#13;
Please use the next format: {minValue}|{maxValue}|{financingProgram}.&#13;
Example: 50|90|smallOrderFP</description>
                <type>set-of-string</type>
                <mandatory-flag>false</mandatory-flag>
                <externally-managed-flag>false</externally-managed-flag>
            </attribute-definition>
            <attribute-definition attribute-id="AffirmMinTotal">
                <display-name xml:lang="x-default">Promo Min Total</display-name>
                <type>double</type>
                <mandatory-flag>false</mandatory-flag>
                <externally-managed-flag>false</externally-managed-flag>
                <default-value>50.0</default-value>
            </attribute-definition>
            <attribute-definition attribute-id="AffirmMode">
                <display-name xml:lang="x-default">Affirm Mode</display-name>
                <type>enum-of-string</type>
                <mandatory-flag>false</mandatory-flag>
                <externally-managed-flag>false</externally-managed-flag>
                <value-definitions>
                    <value-definition default="true">
                        <display xml:lang="x-default">Sandbox</display>
                        <value>sandbox</value>
                    </value-definition>
                    <value-definition>
                        <display xml:lang="x-default">Production</display>
                        <value>production</value>
                    </value-definition>
                </value-definitions>
            </attribute-definition>
            <attribute-definition attribute-id="AffirmOnline">
                <display-name xml:lang="x-default">Affirm Online Status</display-name>
                <description xml:lang="x-default">Turn on/off Affirm integration</description>
                <type>boolean</type>
                <mandatory-flag>false</mandatory-flag>
                <externally-managed-flag>false</externally-managed-flag>
            </attribute-definition>
            <attribute-definition attribute-id="AffirmPLPPromoMessage">
                <display-name xml:lang="x-default">PLP Promo Message</display-name>
                <type>boolean</type>
                <mandatory-flag>false</mandatory-flag>
                <externally-managed-flag>false</externally-managed-flag>
                <default-value>false</default-value>
            </attribute-definition>
            <attribute-definition attribute-id="AffirmPaymentAction">
                <display-name xml:lang="x-default">Affirm Payment Action</display-name>
                <type>enum-of-string</type>
                <mandatory-flag>false</mandatory-flag>
                <externally-managed-flag>false</externally-managed-flag>
                <value-definitions>
                    <value-definition default="true">
                        <display xml:lang="x-default">AUTHORIZATION</display>
                        <value>AUTH</value>
                    </value-definition>
                    <value-definition>
                        <display xml:lang="x-default">AUTHORIZATION + CAPTURE</display>
                        <value>CAPTURE</value>
                    </value-definition>
                </value-definitions>
            </attribute-definition>
            <attribute-definition attribute-id="AffirmPrivateKey">
                <display-name xml:lang="x-default">Affirm Private Key</display-name>
                <type>string</type>
                <mandatory-flag>false</mandatory-flag>
                <externally-managed-flag>false</externally-managed-flag>
                <min-length>0</min-length>
            </attribute-definition>
            <attribute-definition attribute-id="AffirmProductMessage">
                <display-name xml:lang="x-default">Product Promo Message</display-name>
                <type>boolean</type>
                <mandatory-flag>false</mandatory-flag>
                <externally-managed-flag>false</externally-managed-flag>
                <default-value>false</default-value>
            </attribute-definition>
            <attribute-definition attribute-id="AffirmPublicKey">
                <display-name xml:lang="x-default">Affirm Public Key</display-name>
                <type>string</type>
                <mandatory-flag>false</mandatory-flag>
                <externally-managed-flag>false</externally-managed-flag>
                <min-length>0</min-length>
            </attribute-definition>
            <attribute-definition attribute-id="AffirmVCNIntegration">
                <display-name xml:lang="x-default">Affirm Virtual Card Integration</display-name>
                <type>enum-of-string</type>
                <mandatory-flag>false</mandatory-flag>
                <externally-managed-flag>false</externally-managed-flag>
                <value-definitions>
                    <value-definition>
                        <display xml:lang="x-default">Enabled</display>
                        <value>on</value>
                    </value-definition>
                    <value-definition default="true">
                        <display xml:lang="x-default">Disabled</display>
                        <value>off</value>
                    </value-definition>
                </value-definitions>
            </attribute-definition>
            <attribute-definition attribute-id="AffirmPaymentMaxTotal">
                <display-name xml:lang="x-default">Payment Max Total</display-name>
                <type>double</type>
                <mandatory-flag>false</mandatory-flag>
                <externally-managed-flag>false</externally-managed-flag>
                <default-value>50.0</default-value>
            </attribute-definition>
            <attribute-definition attribute-id="AffirmPaymentMinTotal">
                <display-name xml:lang="x-default">Payment Min Total</display-name>
                <type>double</type>
                <mandatory-flag>false</mandatory-flag>
                <externally-managed-flag>false</externally-managed-flag>
                <default-value>50.0</default-value>
            </attribute-definition>
            <attribute-definition attribute-id="AffirmVCNPaymentInstrument">
                <display-name xml:lang="x-default">VCN Payment Instrument</display-name>
                <description xml:lang="x-default">Part of hook name for implementation custom payment methods</description>
                <type>string</type>
                <mandatory-flag>false</mandatory-flag>
                <externally-managed-flag>false</externally-managed-flag>
                <min-length>0</min-length>
                <default-value>BASIC_CREDIT</default-value>
            </attribute-definition>
			<attribute-definition attribute-id="AffirmModalEnable">
                <display-name xml:lang="x-default">Checkout Flow</display-name>
                <type>enum-of-string</type>
                <mandatory-flag>false</mandatory-flag>
                <externally-managed-flag>false</externally-managed-flag>
                <value-definitions>
                    <value-definition>
                        <display xml:lang="x-default">Modal</display>
                        <value>modal</value>
                    </value-definition>
                    <value-definition default="true">
                        <display xml:lang="x-default">Redirect</display>
                        <value>redirect</value>
                    </value-definition>
                </value-definitions>
            </attribute-definition>
        </custom-attribute-definitions>
        <group-definitions>
            <attribute-group group-id="AFFIRM_PAYMENT">
                <display-name xml:lang="x-default">Affirm</display-name>
                <attribute attribute-id="AffirmOnline"/>
                <attribute attribute-id="AffirmMode"/>
                <attribute attribute-id="AffirmPublicKey"/>
                <attribute attribute-id="AffirmPrivateKey"/>
                <attribute attribute-id="AffirmPaymentAction"/>
                <attribute attribute-id="AffirmPLPPromoMessage"/>
                <attribute attribute-id="AffirmProductMessage"/>
                <attribute attribute-id="AffirmCartPromoMessage"/>
                <attribute attribute-id="AffirmPaymentOnlineStatus"/>
                <attribute attribute-id="AffirmMinTotal"/>
                <attribute attribute-id="AffirmFPMapping"/>
                <attribute attribute-id="AffirmFPTotalRange"/>
                <attribute attribute-id="AffirmFPCustomerGroup"/>
                <attribute attribute-id="AffirmFPDateRange"/>
                <attribute attribute-id="AffirmDefaultFP"/>
                <attribute attribute-id="AffirmPaymentMinTotal"/>
                <attribute attribute-id="AffirmPaymentMaxTotal"/>
				<attribute attribute-id="AffirmModalEnable"/>
				<attribute attribute-id="AffirmVCNIntegration"/>
                <attribute attribute-id="AffirmVCNPaymentInstrument"/>
				<attribute attribute-id="AffirmAnalytics"/>
            </attribute-group>
        </group-definitions>
    </type-extension>

    <type-extension type-id="OrderPaymentInstrument">
        <custom-attribute-definitions>
            <attribute-definition attribute-id="affirmed">
                <display-name xml:lang="x-default">affirmed</display-name>
                <type>boolean</type>
                <mandatory-flag>false</mandatory-flag>
                <externally-managed-flag>false</externally-managed-flag>
            </attribute-definition>
        </custom-attribute-definitions>
    </type-extension>
</metadata>
