<?xml version="1.0" encoding="UTF-8"?>
<library xmlns="http://www.demandware.com/xml/impex/library/2006-10-31" library-id="SiteGenesisSharedLibrary">

    <content content-id="affirm-payment-method">
        <display-name xml:lang="x-default">Affirm Payment Method Description</display-name>
        <online-flag>true</online-flag>
        <searchable-flag>true</searchable-flag>
        <page-attributes/>
        <custom-attributes>
            <custom-attribute attribute-id="body" xml:lang="x-default"></custom-attribute>
        </custom-attributes>
    </content>


</library>
